{
  "format_version": "1.20.50",
  "minecraft:block": {
    "description": {
      "identifier": "custom:elevator",
      "menu_category": {
        "category": "construction"
      }
    },
    "components": {
      "minecraft:display_name": "Elevator Block",
      "minecraft:destructible_by_mining": {
        "seconds_to_destroy": 1.5
      },
      "minecraft:collision_box": true,
      "minecraft:selection_box": true,
      "minecraft:geometry": "minecraft:geometry.full_block",
      "minecraft:material_instances": {
        "*": {
          "texture": "elevator",
          "render_method": "opaque"
        }
      }
    }
  }
}