{
  "format_version": "1.20.10",
  "minecraft:recipe_shaped": {
    "description": {
      "identifier": "custom:elevator"
    },
    "tags": [
      "crafting_table"
    ],
    "unlock": [
      "planks_obtained"
    ],
    "pattern": [
      "WWW",
      "WEW",
      "WWW"
    ],
    "key": {
      "W": {
        "item": "minecraft:wool"
      },
      "E": {
        "item": "minecraft:ender_pearl"
      }
    },
    "result": {
      "item": "custom:elevator",
      "count": 1
    }
  }
}
