{
  "format_version": "1.20.10",
  "minecraft:recipe_shaped": {
    "description": {
      "identifier": "custom:teleport_orb"
    },
    "tags": [
      "crafting_table"
    ],
    "unlock": [
      "planks_obtained"
    ],
    "pattern": [
      "EIE",
      "ICI",
      "EIE"
    ],
    "key": {
      "E": {
        "item": "minecraft:ender_pearl"
      },
      "I": {
        "item": "minecraft:iron_ingot"
      },
      "C": {
        "item": "minecraft:compass"
      }
    },
    "result": {
      "item": "custom:teleport_orb",
      "count": 1
    }
  }
}
