{
  "format_version": "1.20.10",
  "minecraft:recipe_shaped": {
    "description": {
      "identifier": "custom:wrench_recipe"
    },
    "tags": [
      "crafting_table"
    ],
    "unlock": [
      "planks_obtained"
    ],
    "pattern": [
      "IXI",
      " I ",
      "IXI"
    ],
    "key": {
      "I": {
        "item": "minecraft:iron_ingot"
      },
      "X": {
        "item": "minecraft:stick"
      }
    },
    "result": {
      "item": "custom:wrench",
      "count": 1
    }
  }
}
