{
  "format_version": "1.21.0",
  "minecraft:item": {
    "description": {
      "identifier": "wireless:remote_control",
      "menu_category": {
        "category": "equipment"
      }
    },
    "components": {
      "minecraft:icon": {
        "textures": {
          "default": "wireless_remote_control"
        }
      },
      "minecraft:max_stack_size": 1,
      "minecraft:display_name": {
        "value": "§8Storage Remote Control"
      },
      "minecraft:use_modifiers": {
        "use_duration": 0.1,
        "movement_modifier": 1.0
      }
    }
  }
}
