{
  "format_version": "1.21.10",
  "minecraft:item": {
    "description": {
      "identifier": "custom:staff_panel",
      "menu_category": {
        "category": "equipment"
      }
    },
    "components": {
      "minecraft:icon": {
        "texture": "staff_panel"
      },
      "minecraft:display_name": {
        "value": "§r§bStaff Panel§r"
      },
      "minecraft:max_stack_size": 1,
      "minecraft:glint": true,
      "minecraft:allow_off_hand": false,
      "minecraft:hand_equipped": true
    }
  }
}