{
    "format_version": "1.21.10",
    "minecraft:recipe_shaped": {
        "description": {
            "identifier": "custom:jetpack_diamond_recipe"
        },
        "tags": [
            "crafting_table"
        ],
        "pattern": [
            "M M",
            "MTM",
            "R R"
        ],
        "key": {
            "M": {
                "item": "minecraft:diamond"
            },
            "T": {
                "item": "custom:thruster"
            },
            "R": {
                "item": "minecraft:redstone"
            }
        },
        "result": {
            "item": "custom:jetpack_diamond",
            "count": 1
        },
        "unlock": [
            {
                "item": "custom:thruster"
            }
        ]
    }
}