{
    "format_version": "1.21.10",
    "minecraft:recipe_shaped": {
        "description": {
            "identifier": "custom:thruster_recipe"
        },
        "tags": [
            "crafting_table"
        ],
        "pattern": [
            " I ",
            "RCR",
            " P "
        ],
        "key": {
            "I": {
                "item": "minecraft:iron_ingot"
            },
            "R": {
                "item": "minecraft:redstone"
            },
            "C": {
                "item": "minecraft:coal"
            },
            "P": {
                "item": "minecraft:copper_ingot"
            }
        },
        "result": {
            "item": "custom:thruster",
            "count": 1
        },
        "unlock": [
            {
                "item": "minecraft:iron_ingot"
            }
        ]
    }
}